#{"t_start": 1689378241.868581, "env_id": null}
r,l,t
99.999998,15,0.28844
102.699999,27,0.771393
-99.300002,43,1.528533
104.199999,45,2.352073
105.699999,90,3.973556
107.599999,91,5.600347
102.999999,48,6.527255
101.999999,23,6.99236
104.999999,77,8.420208
103.299999,54,9.417263
-96.900001,52,10.30248
101.799998,36,10.948026
104.099999,53,11.956746
103.299999,51,12.938205
-96.000001,67,14.113659
102.699999,36,14.822778
105.899999,77,16.191817
99.899998,20,16.580033
104.399999,44,17.387014
103.099999,40,18.160331
99.299998,14,18.465818
103.999999,49,19.352727
100.099998,7,19.515664
105.999999,69,20.785737
-94.400001,71,22.075021
101.999999,20,22.510221
103.499999,50,23.474605
104.799999,63,24.602944
103.099999,55,25.667953
99.499998,19,26.056823
107.399999,74,27.442873
102.999999,42,28.276808
103.899999,48,29.163022
102.099999,36,29.868731
104.099999,50,30.801118
-99.400002,6,30.946123
101.599998,43,31.750693
100.099998,22,32.185545
103.199999,32,32.813386
-98.300002,17,33.170516
-100.700002,20,33.574427
101.599998,16,33.88506
105.099999,66,35.188036
106.699999,100,36.993777
104.599999,58,38.17072
103.699999,61,39.281509
100.699998,13,39.539318
-96.300001,40,40.278887
100.299998,3,40.388491
99.899998,20,40.809027
103.299999,54,41.816727
102.999999,48,42.637727
102.799999,52,43.556431
101.199998,36,44.185047
100.999998,10,44.39533
102.799999,28,44.957227
100.199998,20,45.447861
105.199999,61,46.656286
102.799999,31,47.29662
107.199999,111,49.275468
103.799999,62,50.388119
102.899999,50,51.350534
104.099999,71,52.670279
102.199999,43,53.521903
106.299999,72,54.910755
102.999999,54,55.926671
103.699999,43,56.70242
100.399998,25,57.187038
103.599999,45,58.021918
-101.600002,11,58.249397
100.199998,23,58.74856
-100.600002,12,59.059917
101.999999,23,59.510384
101.499998,27,60.090563
104.799999,57,61.174209
104.499999,51,62.242538
103.299999,54,63.252252
104.499999,51,64.223781
105.999999,84,65.785132
99.699998,15,66.106289
102.399999,27,66.626119
-95.000001,50,67.642638
100.099998,25,68.125859
102.199999,22,68.53055
104.099999,62,69.641286
100.599998,21,70.093061
103.099999,49,71.018686
103.999999,58,72.083265
100.899998,9,72.297052
100.199998,32,72.909448
99.099998,12,73.188853
101.799998,18,73.590011
99.799998,19,73.945651
103.599999,42,74.741399
101.099998,26,75.225831
105.899999,71,76.567668
-101.200002,12,76.858741
101.799998,18,77.234643
100.999998,13,77.48932
101.399998,26,78.055247
102.299999,44,78.846879
101.799998,33,79.491237
103.199999,59,80.613099
104.099999,59,81.753805
104.599999,67,82.945913
104.599999,64,84.144252
102.499999,37,84.821537
100.599998,21,85.273632
103.499999,41,85.985256
100.099998,7,86.164155
101.999999,50,87.095331
100.199998,2,87.212504
99.999998,9,87.454004
103.699999,61,88.612994
105.199999,73,89.919361
101.099998,29,90.471691
102.099999,21,90.912571
104.799999,69,92.151196
105.799999,73,93.507369
102.099999,48,94.394061
101.599998,28,94.944065
100.599998,39,95.665131
103.599999,57,96.72823
102.999999,39,97.456009
99.999998,24,97.984708
103.199999,32,98.552362
102.499999,25,99.066667
103.199999,38,99.81017
99.199998,16,100.14828
-94.400001,62,101.241159
102.399999,36,101.948669
101.399998,23,102.416594
104.299999,58,103.438856
101.199998,39,104.177038
104.099999,44,105.031504
104.499999,75,106.394329
101.599998,46,107.202408
100.499998,8,107.379681
-99.100002,27,107.975141
-101.200002,12,108.218471
-99.900002,13,108.478094
101.199998,12,108.721402
102.699999,36,109.413813
105.599999,68,110.570787
104.699999,89,112.187358
99.799998,19,112.562564
104.899999,55,113.524284
103.499999,53,114.459355
101.099998,11,114.716787
104.199999,54,115.762605
103.199999,50,116.712726
102.099999,27,117.227011
102.899999,29,117.856565
99.599998,5,118.047962
-97.700001,41,118.820786
103.399999,34,119.448026
103.099999,55,120.497719
103.099999,37,121.26794
102.099999,30,121.926764
103.499999,56,123.006792
101.999999,41,123.784261
105.699999,72,125.168667
104.199999,63,126.261349
104.699999,65,127.475366
106.599999,87,129.11803
103.199999,47,129.921388
99.899998,20,130.345278
101.799998,36,131.11244
100.899998,24,131.660041
100.899998,36,132.334555
104.899999,64,133.578184
101.699998,26,134.144546
102.599999,41,134.98229
103.399999,49,135.838466
104.599999,67,137.049149
104.999999,71,138.272954
99.999998,15,138.594223
102.899999,44,139.480327
101.099998,26,140.011818
105.899999,74,141.364542
105.699999,84,142.906896
103.999999,70,144.150701
104.299999,64,145.298035
105.599999,77,146.716513
105.499999,76,148.182981
103.299999,45,149.053003
101.199998,15,149.375677
105.199999,70,150.696948
102.899999,50,151.614964
102.399999,39,152.321846
102.799999,40,153.09744
100.899998,24,153.530679
102.399999,24,154.062494
-94.700001,56,155.126923
105.199999,52,156.060138
-99.100002,27,156.576461
100.899998,33,157.172693
100.699998,31,157.722356
-98.500002,18,158.076263
102.599999,44,158.862433
106.899999,87,160.360148
-100.300002,15,160.650573
103.399999,46,161.490439
101.699998,32,162.134255
107.099999,80,163.534207
103.299999,45,164.44973
102.199999,46,165.271383
106.899999,72,166.653866
99.699998,24,167.121003
104.199999,48,167.974992
101.399998,35,168.635892
101.799998,27,169.149943
100.099998,7,169.311971
102.799999,40,170.075484
101.799998,24,170.555276
101.799998,27,171.088296
106.599999,87,172.844953
105.099999,66,174.129774
100.799998,20,174.569817
-99.400002,15,174.891077
104.199999,42,175.656175
102.799999,49,176.696447
102.699999,57,177.723613
103.599999,48,178.700937
101.399998,23,179.171636
103.599999,57,180.250773
103.399999,58,181.336315
102.799999,28,181.909373
103.099999,49,182.774921
101.599998,28,183.310182
103.499999,35,184.00246
106.599999,90,185.515446
-95.900001,59,186.606814
103.899999,51,187.561062
101.399998,35,188.25158
101.599998,37,189.040051
101.299998,25,189.57321
101.899999,25,190.056913
102.399999,24,190.522913
104.399999,44,191.408587
101.699998,41,192.211596
103.099999,49,193.11472
101.399998,14,193.407274
99.299998,14,193.683987
102.299999,35,194.352863
100.299998,18,194.754699
104.899999,49,195.672685
106.799999,86,197.231429
99.799998,4,197.349741
100.399998,28,197.940316
106.599999,75,199.30404
101.299998,34,199.932617
102.299999,50,200.806857
100.399998,4,200.920402
102.099999,39,201.691976
-94.700001,80,203.20697
102.199999,46,204.157651
104.299999,67,205.396623
101.899999,46,206.283077
103.999999,49,207.138987
98.199998,15,207.429706
105.599999,59,208.574735
-99.000002,22,209.007071
102.899999,29,209.540894
104.199999,60,210.681984
103.299999,36,211.310331
101.299998,31,211.906165
100.899998,21,212.358106
103.499999,35,213.066052
102.299999,32,213.707421
103.599999,60,214.838943
103.500003,56,215.851351
104.699999,68,217.110332
101.999999,44,217.949567
101.699998,23,218.446994
105.299999,65,219.621118
104.699999,68,220.888746
102.499999,34,221.597544
106.599999,96,223.399293
105.699999,78,224.909311
101.299998,22,225.394892
102.899999,32,225.994843
103.599999,57,227.059802
-98.500002,45,228.00487
102.799999,28,228.558848
102.699999,54,229.527763
-96.800001,50,230.529274
103.799999,38,231.334518
106.699999,94,233.085088
104.799999,69,234.390846
-98.100001,40,235.233616
103.099999,46,236.102808
102.499999,46,236.954208
101.799998,18,237.313283
103.399999,46,238.16933
103.399999,52,239.214489
101.799998,39,240.051745
104.099999,44,240.910142
103.399999,61,242.006775
105.699999,75,243.344886
104.299999,73,244.695879
100.599998,18,245.04928
105.399999,54,246.077983
102.699999,48,246.968393
100.399998,31,247.547977
102.299999,38,248.272748
103.399999,37,249.030628
106.599999,93,250.721357
102.599999,47,251.624697
-96.700001,33,252.204743
99.599998,20,252.57639
104.699999,65,253.795234
103.399999,46,254.646801
103.999999,43,255.422576
103.999999,43,256.197566
103.199999,50,257.163283
103.099999,37,257.821407
104.699999,68,259.111132
99.799998,7,259.271693
103.499999,62,260.413915
-100.600002,15,260.754038
102.299999,26,261.221849
100.499998,5,261.354819
101.199998,12,261.647675
99.199998,19,262.036821
104.399999,50,262.908733
103.599999,51,263.92354
-101.000002,17,264.263838
102.699999,36,264.954976
-101.500002,18,265.326327
103.599999,36,266.056364
104.699999,71,267.338048
101.199998,24,267.824169
99.699998,18,268.222171
105.399999,54,269.17128
100.599998,30,269.748116
105.099999,51,270.633761
101.699998,26,271.166262
100.599998,15,271.487189
100.799998,8,271.698641
107.199999,75,272.981705
100.899998,27,273.488016
-97.100001,35,274.179587
101.499998,24,274.630236
102.199999,37,275.305703
103.699999,58,276.3504
104.099999,65,277.520635
100.799998,8,277.698803
104.799999,75,279.145079
101.999999,38,279.952806
104.899999,49,280.833106
102.199999,28,281.349612
105.299999,68,282.656492
100.199998,23,283.105171
102.799999,34,283.830954
103.499999,47,284.766721
103.599999,48,285.687204
101.099998,29,286.236666
103.299999,33,286.911604
105.699999,84,288.424368
101.199998,27,289.038412
103.599999,36,289.712592
99.399998,24,290.21939
105.699999,60,291.413947
104.699999,71,292.760649
104.099999,53,293.775672
102.299999,41,294.582247
103.299999,54,295.56531
102.099999,39,296.358877
98.499998,9,296.583762
101.299998,37,297.276099
102.799999,34,297.986354
-97.300001,60,299.083738
100.599998,33,299.713797
104.799999,60,300.83924
101.699998,32,301.500544
102.599999,29,302.083544
99.899998,17,302.426009
103.799999,50,303.328791
101.299998,19,303.71773
102.299999,41,304.459252
102.499999,28,305.02631
102.299999,41,305.82791
105.099999,69,307.199188
102.799999,37,307.924012
104.299999,67,309.125499
102.199999,22,309.579717
101.899999,43,310.353362
101.499998,30,310.915632
104.599999,64,312.090104
101.299998,28,312.637616
-96.700001,33,313.249488
101.399998,29,313.862783
101.599998,16,314.185466
-100.100002,14,314.485505
102.099999,30,315.045966
105.499999,73,316.397701
100.099998,16,316.753204
104.999999,50,317.699163
101.299998,13,317.98762
-99.000002,10,318.200657
104.099999,65,319.426212
105.999999,75,320.749535
102.899999,53,321.745882
100.799998,8,321.938717
102.399999,24,322.378325
102.099999,42,323.103333
100.799998,23,323.616746
104.599999,61,324.727847
100.999998,25,325.227574
102.699999,27,325.772974
106.099999,79,327.274211
103.599999,66,328.468329
100.199998,35,329.159058
100.099998,13,329.421101
103.599999,36,330.11087
100.699998,19,330.463905
-98.900002,23,330.933972
101.699998,32,331.529472
99.899998,5,331.659541
102.899999,47,332.515156
100.499998,5,332.675602
103.999999,58,333.768778
103.799999,47,334.642548
101.099998,11,334.882531
101.499998,30,335.445818
-98.200002,39,336.198727
103.299999,51,337.150918
-94.400001,95,338.831984
101.199998,24,339.285943
104.199999,63,340.432807
-98.200002,39,341.229161
101.699998,35,341.874227
-100.100002,11,342.151289
103.599999,48,343.095476
101.399998,35,343.806587
105.399999,57,344.86568
100.699998,13,345.13922
103.699999,64,346.288944
-98.700002,37,347.064605
98.999998,8,347.277065
102.999999,51,348.212462
106.099999,82,349.648224
102.899999,50,350.597258
102.599999,26,351.078463
102.799999,52,352.073586
102.799999,43,352.852361
-100.400002,14,353.129896
103.299999,36,353.758479
104.099999,59,354.931351
105.299999,74,356.349503
103.399999,49,357.346738
101.599998,40,358.107761
100.999998,19,358.529341
105.599999,77,359.978385
102.599999,44,360.849511
100.899998,9,361.059999
-99.800002,11,361.318848
103.899999,60,362.447172
104.099999,74,363.779764
-99.800002,26,364.285959
101.099998,20,364.73787
100.999998,31,365.38602
101.099998,44,366.276145
102.099999,39,367.035956
-100.400002,8,367.282086
103.399999,34,367.96125
104.899999,67,369.24918
101.499998,42,370.04206
101.799998,24,370.495167
102.399999,24,371.011601
105.799999,73,372.364705
100.199998,20,372.753882
103.699999,46,373.5591
106.699999,85,375.103878
102.999999,54,376.101423
-101.099997,7,376.279799
101.099998,32,376.841521
104.499999,69,378.130641
-99.300002,34,378.809274
102.299999,35,379.546849
101.899999,25,379.998556
100.599998,39,380.750785
104.999999,62,381.9761
-98.900002,35,382.654418
103.699999,37,383.375232
102.999999,54,384.361809
103.699999,43,385.212541
99.499998,7,385.376869
104.299999,64,386.54779
-98.000001,32,387.162307
101.599998,31,387.805539
100.299998,21,388.254022
99.099998,9,388.445528
105.199999,76,389.797696
103.299999,57,390.86378
103.199999,59,392.043252
100.999998,28,392.542032
103.399999,34,393.248248
99.999998,24,393.715697
102.399999,30,394.277018
-99.800002,23,394.826402
103.299999,33,395.517746
103.299999,42,396.352493
101.599998,37,397.078315
-96.900001,34,397.744468
101.199998,30,398.357068
103.399999,52,399.259242
106.399999,76,400.66133
106.299999,81,402.206347
100.699998,28,402.736986
98.799998,9,402.978456
102.399999,24,403.448315
101.299998,13,403.722569
102.199999,31,404.323783
102.999999,42,405.232791
103.699999,43,406.120856
-100.800002,10,406.396848
102.999999,39,407.106749
99.499998,22,407.561266
99.699998,18,407.946304
103.699999,58,409.042019
100.299998,3,409.138192
99.799998,19,409.496346
102.099999,21,409.940793
103.699999,37,410.615356
102.399999,36,411.369835
102.699999,54,412.464563
104.899999,61,413.669357
100.799998,14,413.959369
106.099999,67,415.178422
102.299999,47,416.132343
103.199999,47,417.032478
101.799998,36,417.728372
105.499999,73,419.090893
105.399999,69,420.265063
104.699999,71,421.502694
100.299998,24,421.990026
99.299998,8,422.187909
106.499999,86,423.735768
102.699999,45,424.607841
105.699999,60,425.64563
100.399998,25,426.127189
101.599998,25,426.578203
105.299999,71,427.913285
101.499998,36,428.671238
101.199998,24,429.15269
101.399998,32,429.747574
105.999999,72,431.111069
101.499998,33,431.725858
104.399999,47,432.662909
-101.400002,16,433.036326
101.399998,38,433.805729
101.999999,29,434.401637
99.799998,16,434.724923
103.099999,40,435.549672
102.799999,49,436.432399
106.999999,85,437.910084
99.899998,20,438.330006
103.899999,42,439.134474
104.199999,51,440.086969
100.099998,19,440.478583
-98.400002,16,440.783445
104.199999,60,441.86162
106.399999,88,443.406052
101.699998,32,443.970314
105.399999,72,445.382954
104.099999,65,446.644165
102.799999,61,447.768833
102.999999,45,448.557026
102.399999,39,449.266062
100.999998,28,449.817704
101.099998,26,450.313273
100.199998,2,450.397768
102.499999,25,450.864693
103.999999,55,451.859966
103.099999,37,452.524234
106.099999,61,453.681257
105.299999,71,454.88823
99.799998,19,455.276182
103.699999,40,456.00325
102.599999,35,456.634318
103.799999,44,457.518442
103.599999,36,458.229714
100.299998,3,458.327882
102.399999,42,459.14935
104.099999,44,459.954967
101.299998,28,460.457807
101.899999,19,460.845029
102.399999,33,461.536481
107.299999,94,463.354126
104.899999,88,464.979179
102.199999,52,465.927324
102.099999,45,466.748099
105.099999,69,467.972287
100.299998,21,468.389817
104.599999,70,469.662191
101.199998,24,470.128714
101.499998,27,470.645355
104.399999,71,471.919653
100.099998,25,472.405738
101.099998,32,473.047319
-96.400001,63,474.126164
101.399998,23,474.551256
104.499999,57,475.63993
100.799998,32,476.251177
100.499998,8,476.431403
101.999999,29,476.973357
102.199999,40,477.778578
103.699999,46,478.566962
-100.400002,20,478.9554
102.899999,44,479.750596
100.399998,25,480.236309
104.399999,47,481.08745
-98.500002,27,481.618571
99.899998,14,481.900575
101.099998,29,482.447599
102.399999,39,483.207247
102.299999,47,484.05672
104.299999,43,484.928161
103.999999,61,486.0849
102.699999,42,486.907508
103.899999,60,488.050684
104.999999,74,489.488777
102.399999,33,490.087099
106.199999,74,491.395823
104.299999,58,492.434737
106.799999,98,494.108204
104.899999,79,495.527974
105.899999,83,496.966449
101.899999,37,497.678438
102.999999,42,498.400928
105.199999,70,499.691034
103.499999,59,500.735919
101.999999,35,501.379277
100.499998,17,501.718346
103.699999,55,502.714754
103.099999,55,503.730268
102.499999,37,504.423004
102.399999,48,505.307455
106.499999,83,506.727867
104.899999,67,507.918346
106.599999,78,509.320294
103.699999,64,510.542835
101.999999,53,511.523047
100.299998,33,512.134693
102.299999,41,512.841631
100.699998,34,513.453477
101.299998,16,513.774684
-97.000001,33,514.415933
104.099999,50,515.317807
103.699999,55,516.330999
100.999998,37,517.005385
103.199999,44,517.792411
104.499999,54,518.857036
103.499999,59,520.010823
-96.600001,67,521.21801
102.499999,34,521.846367
104.799999,69,523.070282
101.899999,31,523.652119
100.399998,25,524.119949
100.399998,4,524.236059
105.199999,76,525.570069
102.399999,45,526.375328
100.399998,7,526.584015
102.999999,45,527.468921
103.199999,53,528.423332
103.399999,55,529.387851
103.399999,58,530.385123
103.999999,67,531.548069
102.699999,51,532.575456
100.199998,20,532.979934
-100.100002,20,533.384503
102.199999,22,533.807137
102.399999,30,534.353624
101.099998,29,534.869879
103.099999,49,535.773312
101.099998,11,536.012891
101.999999,41,536.786702
100.499998,35,537.447585
103.499999,35,538.070142
102.399999,30,538.631953
101.299998,28,539.147883
100.699998,7,539.312104
104.099999,47,540.163793
103.799999,53,541.111252
-94.100001,83,542.543473
101.299998,13,542.816611
100.999998,31,543.43081
103.199999,32,544.026984
100.999998,31,544.603714
-98.500002,36,545.234426
102.999999,45,546.117047
-96.000001,70,547.402088
103.199999,47,548.257095
-98.900002,32,548.88867
102.599999,35,549.529448
100.799998,29,550.082351
101.099998,29,550.618147
100.599998,27,551.117438
101.499998,39,551.7959
103.199999,53,552.744614
104.599999,61,553.84174
103.099999,37,554.571169
102.399999,30,555.166408
104.099999,41,555.938009
103.599999,63,557.049299
102.999999,57,558.061881
102.999999,57,559.108341
102.799999,43,559.969469
103.199999,50,560.872346
102.799999,58,561.893203
101.799998,36,562.554341
103.799999,38,563.325505
103.899999,57,564.340308
100.999998,31,564.93672
104.099999,65,566.143535
101.199998,27,566.628709
102.499999,31,567.190248
-99.400002,9,567.384119
102.499999,31,567.979033
106.099999,79,569.415364
101.899999,34,570.013148
103.199999,35,570.70396
103.799999,50,571.587975
103.899999,48,572.440723
102.299999,53,573.419283
-94.800001,64,574.527838
101.899999,40,575.236338
99.999998,15,575.533038
105.299999,56,576.483308
99.199998,10,576.692043
107.999999,83,578.269042
101.199998,33,578.929076
100.899998,39,579.652872
106.699999,88,581.247277
104.299999,58,582.281122
101.799998,42,583.070023
105.799999,67,584.233148
106.099999,82,585.632136
-98.800002,27,586.180239
-99.300002,19,586.587712
101.099998,11,586.84752
-100.000002,15,587.136467
102.399999,30,587.753787
101.699998,23,588.206641
-99.900002,10,588.435333
-99.700002,27,588.967735
-97.900001,39,589.756822
-99.800002,23,590.235596
101.699998,26,590.736598
-99.600002,28,591.303803
104.099999,44,592.09367
99.999998,27,592.618108
101.299998,19,592.999049
104.699999,56,594.080304
102.499999,40,594.819648
103.499999,44,595.648248
104.099999,56,596.663764
103.199999,50,597.563501
103.499999,56,598.563116
100.599998,24,598.997394
101.899999,31,599.57623
100.799998,14,599.898968
-98.800002,33,600.511845
104.699999,50,601.411648
101.499998,36,602.089435
102.699999,30,602.638076
104.399999,62,603.746334
104.399999,77,605.184693
102.899999,50,606.071801
101.899999,34,606.703637
101.999999,41,607.425162
104.899999,52,608.390499
101.799998,18,608.778686
102.299999,47,609.614716
98.799998,21,610.05263
104.799999,48,610.942852
101.599998,16,611.249183
104.899999,70,612.492036
100.699998,22,612.961602
104.999999,56,613.982584
105.599999,86,615.489828
-100.400002,14,615.767962
100.299998,18,616.167111
102.799999,46,617.020311
101.799998,30,617.556671
102.799999,55,618.585059
102.899999,53,619.504858
103.299999,63,620.606084
103.999999,55,621.635736
103.999999,58,622.652258
100.599998,27,623.135568
101.499998,42,623.858863
104.699999,68,625.036897
101.599998,22,625.474931
104.899999,55,626.438601
100.699998,40,627.166863
101.699998,17,627.520011
103.099999,46,628.425141
100.399998,28,628.92529
99.899998,14,629.231839
105.599999,62,630.44218
104.399999,65,631.589813
100.199998,2,631.671344
106.299999,75,633.039773
102.599999,50,633.930634
103.099999,43,634.735339
104.899999,70,635.942409
103.399999,55,636.944759
102.599999,44,637.720768
103.299999,33,638.332396
99.699998,15,638.638276
102.399999,27,639.149264
102.799999,55,640.113975
103.499999,35,640.807206
105.299999,71,642.061913
-98.500002,30,642.589031
-98.600002,29,643.10604
102.699999,27,643.6095
99.899998,17,643.931729
101.999999,26,644.399682
104.899999,52,645.285262
104.399999,68,646.523342
105.799999,76,647.830742
102.499999,46,648.650253
104.399999,62,649.775717
100.899998,12,650.036538
-99.400002,15,650.323526
103.999999,55,651.302917
104.399999,71,652.621151
101.599998,25,653.087548
102.099999,39,653.800567
103.799999,44,654.577199
102.199999,43,655.364627
102.799999,46,656.202521
103.699999,52,657.170158
105.199999,67,658.40238
99.499998,13,658.694244
106.499999,68,659.88359
105.199999,76,661.280426
102.599999,56,662.343192
102.699999,57,663.419633
101.499998,57,664.45375
101.699998,32,665.098018
104.199999,54,666.011476
100.599998,27,666.500079
102.399999,30,667.0455
103.399999,40,667.73634
101.599998,37,668.494298
-99.000002,19,668.913487
103.099999,40,669.652716
-101.400002,16,669.964198
-98.300002,35,670.651694
101.999999,26,671.184054
102.499999,37,671.844846
105.599999,68,673.114581
101.399998,32,673.758931
-97.400001,53,674.72641
103.399999,34,675.340817
100.199998,29,675.932075
103.099999,46,676.771044
106.699999,88,678.383116
101.799998,42,679.139418
103.699999,40,679.916692
103.399999,64,681.06123
102.999999,48,681.917068
102.899999,32,682.564408
106.999999,88,684.059312
105.099999,69,685.246626
100.799998,20,685.621893
101.699998,32,686.203223
101.099998,32,686.780191
102.199999,31,687.32669
102.499999,28,687.845153
104.999999,68,689.071559
105.899999,74,690.418816
105.099999,69,691.611197
100.100003,16,691.935116
103.699999,52,692.888064
101.399998,20,693.278985
102.099999,45,694.089547
103.299999,51,695.069917
102.999999,33,695.71567
101.499998,24,696.198125
105.999999,60,697.308133
102.699999,48,698.18789
102.399999,36,698.887508
103.499999,56,699.853737
101.299998,22,700.291831
105.099999,57,701.274544
99.799998,22,701.676317
103.899999,39,702.370468
102.499999,49,703.208458
104.299999,46,704.012285
104.299999,67,705.250856
-98.800002,39,705.927958
-97.100001,29,706.463978
-96.900001,46,707.300213
103.599999,51,708.233984
105.199999,79,709.667734
101.899999,34,710.261444
103.999999,40,710.999236
100.499998,23,711.435319
103.499999,38,712.113286
101.399998,32,712.71094
105.399999,72,714.045126
98.899998,13,714.35455
107.199999,87,715.945662
104.799999,69,717.232606
101.599998,37,717.956675
100.299998,15,718.262867
102.199999,22,718.666072
102.599999,41,719.403803
104.299999,58,720.462605
103.299999,54,721.424747
102.499999,28,721.940113
103.699999,52,722.839264
99.799998,16,723.147183
106.199999,68,724.40369
105.899999,68,725.606962
103.699999,55,726.588699
99.699998,18,726.990983
-98.600002,23,727.426384
103.399999,40,728.165552
104.199999,60,729.255447
103.299999,51,730.17265
100.499998,23,730.658985
100.699998,13,730.960418
104.999999,65,732.137012
99.799998,16,732.441785
101.399998,29,732.973816
100.199998,14,733.249603
103.399999,55,734.247895
-100.200002,7,734.410836
101.799998,18,734.798055
105.099999,69,736.000907
102.199999,52,736.902212
-99.000002,10,737.112535
102.699999,36,737.838747
102.699999,45,738.677909
101.899999,28,739.228751
-100.700002,17,739.559664
103.299999,48,740.463085
101.699998,38,741.138052
102.699999,33,741.801257
102.899999,44,742.640744
-97.800001,22,743.109214
98.599998,10,743.333563
102.199999,34,743.995787
102.399999,54,744.98909
101.599998,31,745.57174
-100.500002,16,745.905505
101.499998,15,746.243022
104.399999,65,747.337309
102.900003,50,748.302537
100.599998,18,748.641942
104.099999,56,749.65506
104.199999,63,750.843249
102.399999,48,751.678163
-93.400001,84,753.108991
100.999998,28,753.707291
102.799999,49,754.606649
101.199998,24,755.073268
102.599999,50,755.963052
100.299998,18,756.317264
99.899998,23,756.833389
103.999999,61,757.926905
101.299998,28,758.459917
101.399998,20,758.829936
107.099999,92,760.505031
102.199999,31,761.195671
104.499999,66,762.356571
100.699998,31,763.003571
100.999998,40,763.745179
101.999999,41,764.468494
-97.600001,39,765.194127
102.099999,24,765.708209
102.599999,41,766.413057
101.199998,27,766.995008
101.199998,18,767.336947
102.999999,33,767.952237
103.699999,58,769.032605
102.999999,54,770.014121
-98.800002,24,770.452363
100.799998,8,770.631158
101.499998,36,771.360215
102.499999,46,772.16478
100.099998,25,772.662909
100.699998,37,773.341833
103.299999,48,774.213323
-98.200002,33,774.808953
100.399998,22,775.210707
104.599999,64,776.356599
104.099999,65,777.519611
-99.200002,29,778.052313
103.099999,31,778.648641
-97.100001,50,779.579538
103.799999,38,780.256312
103.699999,61,781.321634
103.799999,56,782.366368
101.999999,38,783.074017
106.999999,88,784.637244
105.999999,78,786.068485
103.699999,55,787.078627
101.499998,21,787.481148
-94.400001,65,788.673958
101.599998,25,789.124302
100.699998,25,789.609521
102.699999,33,790.220323
104.499999,45,791.038783
102.099999,48,791.877691
103.399999,40,792.667922
102.399999,33,793.266592
101.399998,14,793.540787
100.399998,4,793.654513
103.799999,59,794.782206
103.999999,58,795.845098
103.299999,45,796.650404
101.899999,34,797.295328
103.099999,55,798.227621
100.099998,16,798.598776
99.999998,21,799.032038
102.199999,31,799.610433
102.599999,26,800.112472
103.699999,55,801.064957
102.999999,45,801.870054
103.899999,75,803.286624
105.199999,70,804.507205
104.099999,59,805.607522
104.699999,68,806.810735
106.299999,90,808.371999
100.799998,32,809.033347
107.799999,78,810.390258
-94.600001,87,811.937235
102.699999,30,812.468552
-99.600002,16,812.775358
103.599999,45,813.581395
106.499999,86,815.014072
105.299999,65,816.12123
100.199998,29,816.670214
104.999999,53,817.606543
106.799999,77,818.971928
105.699999,75,820.358942
106.399999,106,822.144886
104.999999,80,823.611437
104.599999,64,824.756704
103.799999,65,825.947047
-99.300002,13,826.237082
101.599998,16,826.575141
103.299999,45,827.382064
104.199999,60,828.45788
105.599999,80,829.808647
103.699999,58,830.884932
101.199998,36,831.591382
102.199999,34,832.251112
102.499999,43,833.024821
101.099998,14,833.332417
100.999998,34,833.961131
102.499999,43,834.770099
100.899998,33,835.383182
101.599998,16,835.707366
-99.300002,28,836.270741
102.299999,32,836.85291
103.199999,47,837.784224
98.699998,11,838.040087
104.399999,53,838.989578
100.099998,22,839.455466
-98.000001,20,839.878121
102.899999,44,840.66478
102.399999,45,841.554138
103.999999,49,842.408048
105.099999,63,843.515732
99.799998,10,843.727367
103.399999,43,844.501699
102.899999,44,845.291146
103.499999,50,846.191084
104.499999,60,847.222468
102.999999,42,848.059102
105.899999,80,849.486443
104.099999,53,850.519078
106.699999,88,852.044432
-99.200002,32,852.623129
101.799998,36,853.251569
105.599999,77,854.618738
-100.300002,15,854.911175
100.599998,21,855.362043
101.199998,24,855.87786
100.499998,26,856.362445
104.499999,54,857.331702
106.599999,84,858.781245
106.399999,82,860.276202
101.699998,59,861.321584
103.899999,39,862.061356
105.899999,77,863.383984
99.999998,21,863.801275
103.699999,49,864.690538
99.399998,21,865.126119
-99.500002,5,865.290817
103.599999,36,865.978384
104.199999,60,867.023713
101.299998,25,867.493243
100.599998,15,867.797661
100.999998,25,868.251868
-100.200002,13,868.525195
103.599999,51,869.472111
105.199999,79,870.900516
100.999998,19,871.272475
105.099999,51,872.17682
101.299998,13,872.452448
102.499999,43,873.242663
101.799998,21,873.631691
101.599998,37,874.338227
101.299998,16,874.676776
101.399998,14,874.949283
101.299998,40,875.684531
104.999999,59,876.776636
104.599999,55,877.787285
101.999999,32,878.38248
103.399999,40,879.189363
101.299998,25,879.698015
103.399999,46,880.48949
103.799999,50,881.422595
101.499998,36,882.130688
103.799999,38,882.810363
103.299999,42,883.583504
101.299998,34,884.209513
-100.400002,11,884.452169
-96.400001,42,885.225968
102.199999,25,885.725132
-99.600002,4,885.859217
101.799998,45,886.724388
102.099999,39,887.45129
100.399998,19,887.805755
103.299999,48,888.644184
103.199999,56,889.647641
105.399999,66,890.904047
106.599999,93,892.527598
103.299999,57,893.544739
101.199998,39,894.300331
105.199999,73,895.557696
103.999999,70,896.774552
103.199999,68,898.014736
103.799999,53,899.031826
102.799999,52,899.981784
102.299999,29,900.511312
105.099999,51,901.426465
-98.800002,42,902.233263
101.999999,26,902.715654
103.399999,61,903.811468
101.899999,31,904.390539
100.899998,42,905.118029
102.999999,42,905.856095
101.399998,20,906.244253
103.999999,64,907.386295
102.099999,48,908.257388
102.999999,42,909.013129
100.599998,24,909.481165
104.999999,77,910.817603
102.399999,45,911.637861
103.299999,42,912.379472
100.099998,10,912.637976
99.599998,14,912.947276
104.099999,50,913.835369
100.499998,20,914.238847
102.299999,38,914.916628
101.599998,37,915.591861
102.799999,49,916.478311
99.299998,11,916.705724
100.699998,7,916.869111
98.799998,15,917.179822
101.099998,23,917.601979
101.499998,15,917.915855
102.899999,50,918.831658
105.099999,60,919.844704
103.099999,52,920.729324
-95.800001,60,921.744493
-100.500002,16,922.082116
102.399999,27,922.564379
101.899999,46,923.403878
103.499999,53,924.387159
-100.900002,24,924.88786
-99.000002,13,925.149374
102.299999,23,925.666191
101.299998,31,926.244144
-99.600002,4,926.358163
99.999998,21,926.747694
99.699998,18,927.086631
102.799999,28,927.58675
101.999999,29,928.120028
99.699998,6,928.263219
101.199998,33,928.938005
102.699999,33,929.552376
103.099999,40,930.291209
107.299999,82,931.675491
106.999999,94,933.370657
101.199998,33,933.989168
102.999999,30,934.535068
104.099999,56,935.571817
105.099999,81,937.002234
100.099998,1,937.066437
104.699999,62,938.155685
100.699998,28,938.756553
104.399999,53,939.671671
-101.100002,13,939.933302
99.699998,24,940.380155
103.999999,58,941.45712
104.099999,71,942.762655
104.499999,75,944.087671
102.999999,36,944.79406
104.299999,43,945.553443
101.499998,18,945.930877
-97.900001,39,946.669357
103.899999,51,947.604498
104.099999,65,948.823174
101.899999,34,949.431196
103.299999,57,950.428074
99.799998,4,950.541501
104.199999,51,951.460824
-99.300002,16,951.76665
103.499999,35,952.443096
99.799998,19,952.799556
103.799999,38,953.604504
102.599999,50,954.486282
103.699999,64,955.624954
104.599999,73,956.92844
100.399998,16,957.268816
100.599998,30,957.802562
105.899999,77,959.152668
103.099999,52,960.104545
100.599998,21,960.494271
104.699999,62,961.589095
103.599999,57,962.577121
104.099999,59,963.669397
102.899999,47,964.508835
104.299999,64,965.657793
105.699999,72,966.91289
102.499999,49,967.813133
99.799998,22,968.26591
102.999999,30,968.81633
105.299999,83,970.345729
104.699999,65,971.489512
99.799998,16,971.796229
-100.800002,10,972.005118
101.099998,32,972.584341
100.599998,12,972.835572
103.699999,37,973.496086
106.099999,70,974.685222
100.699998,16,975.025456
101.599998,46,975.846895
103.199999,35,976.522003
102.199999,31,977.118922
100.399998,4,977.266144
104.299999,67,978.521118
99.799998,16,978.825698
100.599998,24,979.343818
-101.400002,13,979.616953
104.199999,63,980.758787
106.999999,88,982.28425
99.799998,16,982.589105
103.599999,48,983.474545
101.799998,42,984.231743
101.099998,23,984.688896
100.999998,31,985.270616
99.799998,22,985.708384
100.499998,23,986.160181
101.499998,36,986.787446
104.099999,50,987.65888
103.299999,45,988.47826
102.799999,52,989.384466
101.199998,45,990.168804
99.199998,13,990.458929
102.399999,36,991.105281
100.799998,29,991.638243
104.299999,43,992.412571
103.199999,50,993.374833
102.999999,51,994.300008
100.899998,27,994.782931
104.399999,56,995.731658
104.899999,70,996.94648
104.999999,68,998.150931
99.299998,20,998.538106
102.599999,29,999.055072
101.999999,23,999.52386
-98.000001,35,1000.164722
101.499998,27,1000.666394
101.699998,35,1001.279148
103.699999,61,1002.438241
100.699998,16,1002.78128
103.199999,47,1003.633737
100.399998,4,1003.75134
102.599999,35,1004.362753
102.499999,46,1005.181416
102.299999,44,1005.987068
100.699998,22,1006.391049
105.799999,58,1007.370519
103.899999,66,1008.609784
-99.000002,28,1009.124635
101.799998,33,1009.720938
-100.800002,31,1010.267427
104.199999,48,1011.109395
103.299999,48,1012.024348
103.599999,48,1012.894757
101.999999,29,1013.41104
104.099999,53,1014.360649
104.599999,64,1015.50216
106.899999,84,1017.030895
102.799999,46,1017.867486
99.699998,21,1018.259748
101.299998,13,1018.517395
100.699998,16,1018.853715
104.399999,59,1019.869356
102.899999,47,1020.708073
103.999999,55,1021.728392
105.899999,77,1023.028866
-95.400001,61,1024.12337
103.799999,47,1024.944439
102.199999,49,1025.814013
100.399998,22,1026.231324
101.899999,19,1026.588128
102.099999,36,1027.344397
101.799998,39,1028.089622
101.299998,28,1028.653824
102.299999,47,1029.541019
107.099999,83,1030.972246
101.399998,32,1031.569276
98.999998,17,1031.893544
106.299999,81,1033.375794
100.999998,28,1033.996984
103.899999,45,1034.830919
103.399999,34,1035.458335
101.599998,40,1036.216273
102.799999,40,1036.972771
-99.100002,9,1037.200057
101.799998,36,1037.860548
102.999999,30,1038.439198
102.199999,43,1039.228971
105.599999,65,1040.356326
102.199999,25,1040.841746
105.799999,79,1042.292757
100.299998,30,1042.865925
101.999999,41,1043.621861
100.199998,17,1043.977607
102.599999,26,1044.492316
101.399998,14,1044.79878
103.599999,57,1045.846065
101.899999,40,1046.600713
105.099999,60,1047.699079
103.899999,60,1048.80396
102.999999,45,1049.772429
-96.700001,54,1050.719423
101.499998,24,1051.234365
101.299998,25,1051.70131
105.099999,63,1052.944785
100.799998,23,1053.397008
102.299999,44,1054.20411
104.100003,68,1055.392106
101.799998,18,1055.794538
104.299999,67,1057.017532
100.799998,23,1057.469951
103.899999,51,1058.468703
104.299999,58,1059.532658
104.099999,50,1060.433346
100.399998,4,1060.54899
106.699999,85,1062.074423
100.899998,18,1062.444916
101.999999,35,1063.071654
103.799999,53,1064.101354
103.799999,56,1065.056
101.499998,39,1065.730335
100.899998,39,1066.486446
102.199999,37,1067.195675
103.199999,50,1068.14373
99.399998,15,1068.433851
102.299999,23,1068.850788
104.599999,67,1070.063803
101.499998,36,1070.771686
101.499998,45,1071.659224
106.399999,79,1073.077161
102.499999,43,1073.84922
102.599999,41,1074.603233
-100.900002,15,1074.895656
-98.400002,28,1075.460627
103.699999,43,1076.220666
105.799999,76,1077.601456
105.299999,80,1079.00014
103.299999,51,1079.949856
100.499998,29,1080.51296
104.299999,43,1081.287432
103.099999,58,1082.381451
103.199999,44,1083.173307
105.099999,60,1084.221298
103.999999,58,1085.249186
99.299998,11,1085.540271
102.199999,31,1086.091689
103.899999,42,1086.910128
101.899999,37,1087.591793
101.999999,32,1088.156136
101.799998,30,1088.756073
103.199999,38,1089.47945
106.399999,82,1090.98964
-96.300001,67,1092.146767
-101.100002,13,1092.437543
103.399999,46,1093.333049
104.599999,67,1094.5082
101.799998,18,1094.89557
103.199999,50,1095.783546
100.599998,6,1095.930617
101.799998,39,1096.707596
103.699999,43,1097.514471
103.699999,49,1098.417184
101.899999,37,1099.109452
103.899999,63,1100.233495
-100.500002,16,1100.540925
101.099998,29,1101.123066
102.599999,50,1102.044176
102.199999,43,1102.84963
102.699999,48,1103.701652
103.599999,60,1104.798574
103.999999,64,1105.955182
103.099999,43,1106.726969
100.899998,36,1107.353485
106.599999,90,1108.949847
106.299999,84,1110.428814
102.499999,46,1111.235029
100.199998,26,1111.770392
105.799999,70,1113.055794
101.499998,33,1113.665875
102.099999,42,1114.392731
104.399999,59,1115.453089
101.299998,34,1116.046952
104.499999,51,1116.98408
102.399999,48,1117.893138
104.299999,43,1118.631404
102.899999,50,1119.4842
99.199998,13,1119.758083
101.799998,27,1120.240283
103.599999,45,1121.094732
100.799998,32,1121.741117
100.799998,35,1122.405717
102.499999,43,1123.25827
101.399998,14,1123.534583
100.699998,19,1123.890754
101.999999,38,1124.567881
102.899999,32,1125.130337
102.499999,37,1125.81868
106.799999,92,1127.448781
105.499999,76,1128.768418
104.199999,57,1129.765261
100.399998,25,1130.233432
102.699999,33,1130.846182
103.699999,55,1131.797443
103.799999,56,1132.780361
-98.800002,33,1133.438008
-97.300001,27,1133.984982
101.299998,25,1134.469151
100.799998,29,1134.983742
100.999998,22,1135.404219
-96.300001,40,1136.132529
101.299998,16,1136.439294
101.199998,36,1137.101431
101.899999,19,1137.48103
107.099999,83,1139.040141
100.199998,17,1139.377353
105.599999,71,1140.762587
-97.300001,66,1141.969137
102.099999,24,1142.456183
102.999999,51,1143.367608
100.899998,30,1143.938603
-98.500002,24,1144.371235
101.599998,43,1145.145427
106.099999,79,1146.497572
101.799998,36,1147.14448
103.199999,56,1148.1314
103.699999,55,1149.197392
102.899999,38,1149.968238
103.199999,35,1150.626767
-97.600001,36,1151.270972
104.299999,52,1152.250515
105.699999,72,1153.496203
101.399998,23,1153.983063
101.099998,20,1154.355683
105.299999,53,1155.301402
102.499999,43,1156.090293
103.499999,47,1156.925499
103.099999,49,1157.830379
101.799998,27,1158.359616
103.599999,57,1159.37472
100.799998,20,1159.795618
101.899999,43,1160.566534
100.699998,34,1161.178983
104.699999,68,1162.353531
99.999998,9,1162.54807
107.999999,83,1163.99613
99.999998,15,1164.287103
102.399999,33,1164.95007
102.599999,26,1165.484184
100.299998,15,1165.77872
-100.200002,19,1166.132134
102.599999,32,1166.760977
100.999998,31,1167.312306
103.399999,52,1168.312834
102.499999,25,1168.860462
-96.600001,52,1169.906586
103.099999,31,1170.521989
101.899999,37,1171.212428
102.699999,45,1172.038814
103.999999,52,1173.086669
105.699999,75,1174.43992
103.999999,64,1175.612857
106.599999,84,1177.057257
104.299999,55,1178.069729
99.099998,12,1178.310908
105.699999,72,1179.55098
101.699998,32,1180.214056
104.199999,48,1181.080225
102.099999,30,1181.691431
103.099999,43,1182.463974
104.799999,60,1183.555376
104.899999,73,1184.873086
-97.600001,42,1185.634225
103.599999,57,1186.649203
106.599999,84,1188.099421
104.899999,64,1189.195913
102.599999,26,1189.696815
102.899999,56,1190.744178
-96.900001,46,1191.564116
103.699999,43,1192.401355
-101.100002,10,1192.629281
103.299999,42,1193.387925
101.599998,31,1193.952102
-97.900001,27,1194.504088
101.800003,21,1194.909874
102.699999,39,1195.619304
102.699999,30,1196.186757
105.299999,62,1197.268796
102.899999,44,1198.047744
100.699998,7,1198.2114
99.899998,23,1198.664725
-99.200002,11,1198.88682
101.499998,15,1199.192866
102.499999,40,1199.916739
103.999999,55,1200.886713
104.499999,63,1201.982083
100.199998,17,1202.354602
104.499999,45,1203.188302
103.099999,40,1203.90849
102.999999,39,1204.583351
103.799999,38,1205.387108
106.299999,90,1206.915571
102.599999,41,1207.672076
100.899998,30,1208.238754
105.799999,73,1209.559125
-96.000001,76,1210.944281
100.499998,20,1211.322936
102.599999,44,1212.225977
-99.800002,20,1212.691147
102.099999,30,1213.224491
100.799998,26,1213.707679
105.399999,75,1215.041306
100.099998,37,1215.684594
104.599999,49,1216.557385
105.799999,76,1217.954951
104.899999,67,1219.190746
100.699998,28,1219.768538
103.099999,31,1220.365645
105.799999,79,1221.845195
105.599999,83,1223.398167
104.699999,71,1224.68745
99.399998,15,1224.992841
103.799999,41,1225.721979
105.099999,63,1226.954592
102.599999,32,1227.682104
103.499999,47,1228.553948
105.999999,78,1229.932529
103.099999,55,1230.915331
101.899999,22,1231.321148
100.499998,11,1231.582435
102.400003,51,1232.451865
101.199998,39,1233.178374
101.199998,27,1233.674993
100.699998,22,1234.113016
101.399998,20,1234.499106
103.099999,58,1235.512847
101.999999,47,1236.333956
101.699998,17,1236.675086
100.799998,17,1237.048595
104.399999,59,1238.127516
102.299999,44,1238.92065
99.799998,16,1239.24055
-100.300002,12,1239.498638
101.699998,23,1239.947706
101.399998,32,1240.514539
102.799999,43,1241.303595
103.699999,55,1242.298096
104.699999,56,1243.333431
101.699998,17,1243.707152
105.799999,82,1245.12775
103.299999,51,1246.045069
102.699999,27,1246.528574
104.899999,55,1247.493722
-101.400002,16,1247.802009
100.399998,22,1248.203003
103.499999,50,1249.109684
105.399999,69,1250.298022
-100.200002,13,1250.588456
101.499998,36,1251.331381
102.999999,57,1252.358408
102.399999,24,1252.824757
104.899999,64,1253.964885
101.399998,35,1254.57533
100.299998,9,1254.78535
101.399998,14,1255.060876
102.899999,47,1255.946019
106.999999,85,1257.442853
105.099999,63,1258.633836
102.699999,42,1259.45307
100.099998,19,1259.84094
99.699998,18,1260.216297
102.899999,44,1260.972677
104.899999,70,1262.159713
102.999999,51,1263.033698
104.399999,50,1263.886445
107.699999,98,1265.512258
106.399999,88,1267.043325
105.299999,71,1268.313128
99.899998,20,1268.684075
100.599998,15,1268.978142
104.899999,49,1269.92783
105.999999,75,1271.230144
101.999999,50,1272.116727
100.499998,17,1272.439447
105.899999,59,1273.439175
102.899999,44,1274.195678
-98.300002,44,1274.952077
103.299999,36,1275.595626
100.999998,13,1275.854256
106.099999,85,1277.383363
104.199999,66,1278.633472
103.599999,57,1279.643508
99.599998,23,1280.064273
100.699998,31,1280.675466
104.599999,64,1281.864617
103.299999,57,1282.875673
106.599999,75,1284.211238
105.399999,78,1285.579252
105.199999,67,1286.803696
105.299999,68,1288.008812
101.299998,37,1288.687334
102.699999,30,1289.265795
-99.400002,12,1289.510349
105.099999,54,1290.461027
-100.200002,22,1290.861584
103.199999,47,1291.749648
101.099998,32,1292.315148
103.499999,50,1293.202835
101.499998,39,1293.911307
105.199999,61,1294.939576
102.499999,46,1295.793723
106.099999,82,1297.250797
104.699999,71,1298.585308
104.299999,64,1299.76239
103.900003,66,1301.061326
103.999999,61,1302.167171
102.499999,49,1303.070642
101.799998,36,1303.812736
102.299999,23,1304.239094
102.199999,22,1304.641994
106.399999,85,1306.197157
104.899999,76,1307.56409
102.799999,46,1308.35102
102.899999,44,1309.144437
101.299998,34,1309.756888
103.099999,40,1310.499647
102.599999,38,1311.159151
101.499998,36,1311.819484
107.699999,89,1313.415508
107.099999,98,1315.08728
103.999999,58,1316.117638
101.199998,12,1316.364079
103.799999,47,1317.183617
-95.600001,65,1318.356366
103.599999,39,1319.064777
104.199999,63,1320.261817
102.999999,48,1321.099021
101.499998,15,1321.413154
101.999999,20,1321.803091
98.699998,17,1322.142111
106.999999,85,1323.640498
102.999999,51,1324.621375
102.199999,37,1325.268736
105.199999,61,1326.343469
-95.500001,75,1327.699399
101.899999,22,1328.101229
-101.200002,12,1328.409172
103.499999,41,1329.15487
101.199998,30,1329.710995
106.899999,78,1331.042412
103.499999,56,1332.073926
101.699998,17,1332.394134
105.599999,68,1333.536643
102.099999,30,1334.066958
101.599998,16,1334.408723
102.099999,45,1335.200687
104.999999,65,1336.421124
101.999999,41,1337.193315
103.599999,51,1338.110958
103.299999,51,1339.012477
100.299998,33,1339.656779
103.099999,52,1340.57667
104.299999,67,1341.74893
104.799999,54,1342.682204
105.099999,63,1343.828576
102.999999,60,1344.874797
99.499998,19,1345.231608
104.099999,62,1346.390718
-97.400001,41,1347.160794
102.199999,43,1347.93517
102.899999,47,1348.804951
103.399999,46,1349.65595
104.699999,68,1350.827374
103.899999,66,1352.054242
103.999999,61,1353.138192
103.699999,61,1354.215981
101.099998,17,1354.536677
101.699998,35,1355.182387
105.299999,71,1356.422571
99.699998,12,1356.727965
103.199999,38,1357.384319
102.299999,44,1358.154799
100.099998,19,1358.521188
100.699998,22,1358.957836
104.899999,73,1360.420727
105.699999,90,1362.059074
108.399999,108,1363.984988
100.899998,30,1364.548463
104.099999,47,1365.405464
105.999999,69,1366.590064
103.299999,48,1367.538181
103.399999,61,1368.651438
99.899998,11,1368.913497
101.799998,18,1369.254143
104.899999,55,1370.246473
100.199998,17,1370.584815
106.299999,66,1371.742664
-93.800001,83,1373.192445
104.099999,41,1373.933044
106.899999,99,1375.60591
104.799999,72,1376.871951
102.699999,48,1377.693643
103.699999,58,1378.772781
100.899998,15,1379.143154
105.099999,72,1380.402709
103.799999,56,1381.414535
103.399999,49,1382.311766
102.499999,34,1382.974194
104.399999,59,1384.002104
103.199999,50,1384.919226
104.499999,66,1386.058318
103.199999,32,1386.688554
100.099998,25,1387.170978
106.799999,74,1388.475187
104.999999,71,1389.797376
104.999999,65,1391.062924
99.599998,17,1391.459256
103.799999,50,1392.379995
102.499999,28,1392.991309
101.299998,40,1393.761138
100.899998,9,1393.986213
99.599998,23,1394.413525
105.099999,54,1395.411508
102.199999,31,1395.989335
105.499999,76,1397.322271
-99.500002,35,1397.955713
102.000003,38,1398.643649
102.999999,57,1399.66116
102.099999,42,1400.432692
-96.600001,34,1401.091658
101.699998,32,1401.685557
101.399998,41,1402.441482
101.499998,33,1403.051395
104.699999,56,1404.052563
105.199999,70,1405.245744
101.299998,25,1405.730335
101.500003,30,1406.280579
104.499999,51,1407.156542
-98.500002,39,1407.898132
102.299999,23,1408.346575
103.599999,42,1409.119848
104.599999,55,1410.205572
-99.200002,32,1410.767686
102.499999,25,1411.21922
102.299999,38,1411.927889
103.499999,35,1412.620303
103.899999,51,1413.601426
104.599999,64,1414.695728
101.199998,27,1415.209842
104.199999,48,1416.083479
101.999999,26,1416.601891
101.499998,33,1417.244027
103.599999,39,1417.952212
102.999999,42,1418.712272
103.099999,40,1419.45248
103.599999,48,1420.306009
100.599998,18,1420.649243
104.099999,41,1421.389481
102.199999,43,1422.13072
99.999998,27,1422.61278
104.099999,47,1423.497735
100.799998,26,1423.997492
-99.300002,19,1424.389547
-98.300002,17,1424.742306
102.199999,46,1425.645452
103.899999,54,1426.744012
103.299999,51,1427.64521
101.799998,27,1428.158673
101.999999,20,1428.530647
99.699998,18,1428.884223
103.599999,54,1429.869195
100.999998,28,1430.431896
101.699998,17,1430.754356
-97.200001,40,1431.44722
101.299998,40,1432.190754
102.999999,48,1433.029771
102.899999,35,1433.719513
-99.700002,24,1434.189923
102.699999,54,1435.141854
98.999998,14,1435.430326
107.299999,76,1436.782893
103.099999,46,1437.633853
101.899999,19,1438.036174
103.199999,35,1438.694405
103.699999,58,1439.755477
102.799999,46,1440.57503
-99.900002,13,1440.852385
100.299998,3,1440.952122
103.499999,38,1441.626062
100.599998,18,1441.996234
98.999998,26,1442.54044
101.299998,34,1443.156379
-100.000002,24,1443.591299
101.099998,32,1444.187925
103.699999,52,1445.154357
104.499999,69,1446.331847
102.299999,44,1447.137129
104.599999,61,1448.188178
99.899998,17,1448.511854
103.099999,55,1449.512074
100.099998,25,1449.995067
104.499999,48,1450.928176
100.999998,10,1451.137638
101.799998,42,1451.915677
102.199999,37,1452.62449
102.599999,56,1453.6466
102.999999,45,1454.517478
101.799998,36,1455.210185
104.399999,65,1456.334539
101.899999,19,1456.704089
104.499999,69,1457.893008
99.699998,15,1458.220057
101.399998,32,1458.786808
104.199999,54,1459.803228
103.199999,47,1460.708534
104.499999,69,1461.935461
104.499999,66,1463.138354
103.599999,39,1463.911981
-95.400001,67,1465.187035
104.499999,51,1466.106014
104.699999,77,1467.474089
101.099998,14,1467.747201
103.399999,34,1468.393096
103.899999,54,1469.327341
105.299999,68,1470.596976
102.499999,40,1471.292719
102.499999,40,1472.004289
103.299999,36,1472.709945
-101.000002,17,1473.114575
103.500003,41,1473.837314
104.299999,61,1474.931507
102.299999,38,1475.652139
103.799999,59,1476.680768
104.599999,67,1477.838211
-100.200002,25,1478.32089
103.599999,36,1478.977937
100.999998,31,1479.590195
-100.100002,29,1480.168254
101.799998,30,1480.700253
100.799998,26,1481.170763
103.399999,34,1481.765275
104.599999,82,1483.22917
103.899999,54,1484.260088
99.599998,20,1484.634104
102.399999,24,1485.131618
102.199999,67,1486.320512
104.299999,55,1487.286555
101.299998,31,1487.849961
99.899998,11,1488.075258
103.199999,32,1488.770615
101.599998,16,1489.123331
101.099998,11,1489.348418
103.099999,52,1490.298281
-96.700001,33,1490.893885
101.899999,40,1491.588629
100.399998,25,1492.055997
98.799998,15,1492.379413
104.299999,61,1493.406653
101.299998,31,1493.954207
104.199999,60,1495.079613
100.599998,6,1495.224281
100.199998,5,1495.371086
103.499999,35,1496.03065
103.799999,53,1496.934098
-96.400001,60,1497.998465
104.599999,46,1498.819535
105.099999,93,1500.393079
105.699999,69,1501.603417
101.199998,36,1502.276642
104.999999,53,1503.228869
101.899999,43,1504.04652
101.999999,32,1504.628304
105.799999,88,1506.218426
103.999999,52,1507.120713
101.399998,14,1507.459062
104.599999,58,1508.507204
100.599998,27,1509.089239
104.699999,50,1510.039587
104.799999,54,1511.022449
101.799998,21,1511.492842
102.299999,23,1511.910455
101.199998,27,1512.466857
100.999998,22,1512.916108
101.899999,40,1513.607232
103.199999,53,1514.541989
101.999999,32,1515.135037
105.499999,61,1516.221222
103.299999,54,1517.184217
103.399999,61,1518.341118
100.999998,16,1518.67847
100.699998,25,1519.147302
105.399999,54,1520.209324
105.099999,78,1521.624427
102.799999,49,1522.539608
101.699998,35,1523.283496
104.599999,64,1524.40806
101.699998,32,1525.006547
102.799999,40,1525.726624
101.299998,25,1526.192744
103.199999,47,1527.077267
104.299999,52,1528.024976
-100.000002,15,1528.314065
103.899999,57,1529.395792
103.899999,69,1530.604419
101.099998,20,1531.038804
104.699999,53,1531.984832
-98.600002,44,1532.806356
101.599998,25,1533.256931
103.099999,31,1533.82167
100.199998,23,1534.276076
106.399999,70,1535.547796
101.499998,30,1536.130015
102.499999,31,1536.692456
102.499999,40,1537.454014
102.299999,41,1538.177408
100.999998,10,1538.419015
104.499999,45,1539.239681
98.999998,8,1539.425086
108.199999,85,1540.909162
107.499999,87,1542.391211
101.199998,30,1542.953817
-100.500002,28,1543.501082
100.799998,38,1544.163604
102.999999,45,1545.000518
104.099999,59,1546.049067
104.599999,67,1547.257364
103.599999,60,1548.398466
99.499998,13,1548.687731
104.999999,53,1549.619901
100.799998,23,1550.069755
101.999999,38,1550.78007
101.699998,38,1551.440954
103.999999,40,1552.152144
103.799999,47,1553.03923
102.999999,51,1554.051608
103.899999,60,1555.125492
101.099998,29,1555.67291
102.599999,26,1556.173838
102.299999,23,1556.610246
102.799999,55,1557.639311
99.999998,15,1557.982456
-101.100002,25,1558.44603
-98.900002,11,1558.686868
101.699998,17,1559.010427
102.699999,27,1559.525044
105.899999,77,1560.87979
100.899998,30,1561.417946
101.599998,34,1562.098509
100.099998,13,1562.388242
99.199998,10,1562.614684
103.199999,44,1563.403241
104.299999,49,1564.321904
100.999998,34,1564.94942
104.099999,44,1565.723755
101.199998,33,1566.369329
104.899999,49,1567.316404
103.399999,58,1568.416354
105.699999,78,1569.803699
106.199999,86,1571.314025
104.699999,65,1572.50532
104.799999,69,1573.746338
105.499999,85,1575.216982
102.099999,30,1575.873958
102.099999,33,1576.452174
100.999998,28,1576.971728
99.199998,16,1577.310669
105.899999,62,1578.517866
102.999999,48,1579.369027
104.999999,59,1580.398125
103.999999,61,1581.492844
104.299999,49,1582.391883
103.399999,43,1583.182975
-97.500001,37,1583.875806
103.999999,46,1584.761817
102.199999,28,1585.292106
102.499999,31,1585.887107
102.899999,41,1586.595694
99.099998,18,1586.949193
100.699998,10,1587.190722
103.499999,35,1587.822967
102.999999,45,1588.740283
104.199999,42,1589.481859
103.099999,43,1590.258925
100.299998,3,1590.375587
101.199998,12,1590.651972
104.599999,49,1591.556545
101.299998,37,1592.250405
100.499998,17,1592.663867
104.099999,62,1593.770076
101.599998,31,1594.333931
102.199999,28,1594.8341
103.099999,55,1595.781611
-101.100002,25,1596.23921
103.999999,46,1597.080131
99.999998,15,1597.373727
100.999998,10,1597.582801
101.899999,19,1597.957387
102.199999,22,1598.359247
102.099999,36,1598.990401
101.799998,42,1599.75315
101.299998,37,1600.431542
100.499998,23,1600.882123
101.399998,32,1601.463649
102.399999,36,1602.125268
101.299998,13,1602.411373
102.999999,48,1603.350364
105.899999,74,1604.721476
105.499999,79,1606.105938
101.799998,30,1606.63479
107.399999,77,1608.009002
-100.900002,15,1608.298861
102.199999,34,1608.962349
103.899999,54,1609.910454
101.399998,26,1610.409215
103.499999,41,1611.150839
100.199998,5,1611.281754
102.199999,37,1611.955794
102.699999,45,1612.795215
104.299999,58,1613.842048
101.899999,37,1614.490084
104.199999,45,1615.328478
103.499999,53,1616.329796
105.099999,69,1617.638332
-97.800001,46,1618.507309
100.499998,20,1618.876966
101.899999,19,1619.249696
102.899999,38,1620.058251
101.399998,29,1620.608061
102.299999,38,1621.283222
104.399999,62,1622.45607
100.199998,14,1622.728317
-95.800001,69,1623.962502
100.299998,9,1624.162125
103.999999,40,1624.857612
100.299998,24,1625.29449
101.499998,15,1625.617147
101.299998,37,1626.292745
101.699998,41,1627.119222
100.400003,10,1627.349463
103.799999,41,1628.055465
101.599998,34,1628.712997
101.899999,28,1629.260509
101.699998,41,1630.037436
100.399998,16,1630.4977
102.799999,28,1631.374897
101.899999,19,1631.898246
99.399998,18,1632.491971
105.799999,67,1633.733434
103.199999,41,1634.503757
105.299999,71,1635.763027
100.699998,22,1636.213212
101.299998,16,1636.538033
103.399999,40,1637.260267
104.199999,42,1637.98469
-99.200002,11,1638.242106
102.699999,45,1639.032554
-99.200002,32,1639.594856
102.299999,35,1640.221455
101.699998,32,1640.80106
104.499999,57,1641.848257
100.799998,26,1642.320557
102.299999,26,1642.787162
100.899998,30,1643.317135
-99.500002,23,1643.801311
101.899999,40,1644.495981
101.699998,32,1645.061014
101.799998,39,1645.737903
104.699999,71,1647.027462
102.899999,47,1647.831004
101.299998,16,1648.18775
105.299999,80,1649.591003
103.899999,78,1650.927169
101.199998,27,1651.46054
100.999998,34,1652.135348
102.399999,45,1652.94236
101.999999,20,1653.346793
106.799999,83,1654.76598
-97.100001,59,1655.861914
101.799998,36,1656.541681
100.599998,24,1657.026481
102.499999,34,1657.622667
99.399998,21,1658.07623
105.399999,60,1659.188562
105.099999,75,1660.527059
101.299998,25,1660.997381
102.299999,35,1661.64474
103.199999,32,1662.227412
101.499998,30,1662.777124
103.599999,54,1663.728666
101.799998,39,1664.436667
100.099998,1,1664.501968
98.799998,12,1664.774801
-96.900001,31,1665.355751
100.399998,31,1665.96845
105.299999,65,1667.109998
106.999999,91,1668.623835
102.199999,46,1669.461804
103.399999,43,1670.31442
102.299999,53,1671.24996
100.299998,27,1671.734579
-98.900002,35,1672.348523
103.399999,46,1673.173533
102.399999,45,1673.99321
100.799998,8,1674.173118
104.899999,61,1675.269619
-97.000001,54,1676.235914
-98.400002,19,1676.626473
102.299999,32,1677.206294
103.599999,45,1678.043299
-95.700001,64,1679.153725
103.099999,31,1679.718013
103.199999,44,1680.542552
102.899999,47,1681.350664
102.699999,27,1681.831431
100.699998,25,1682.286042
-100.500002,16,1682.588631
101.599998,34,1683.212672
99.199998,16,1683.537284
103.199999,32,1684.215386
103.199999,50,1685.116299
100.199998,32,1685.710389
-96.800001,44,1686.537401
101.799998,42,1687.297747
101.099998,29,1687.825133
103.099999,46,1688.745098
100.999998,19,1689.098776
104.299999,43,1689.838735
105.099999,72,1691.110818
102.999999,39,1691.803802
107.599999,88,1693.429278
104.999999,71,1694.711793
103.199999,50,1695.583102
103.199999,59,1696.632264
100.699998,31,1697.228057
99.999998,9,1697.42733
102.199999,31,1697.987246
103.599999,63,1699.052632
101.399998,26,1699.552444
102.399999,39,1700.292775
102.199999,31,1700.888638
106.299999,78,1702.33779
105.099999,60,1703.368593
102.899999,50,1704.250282
103.499999,62,1705.313151
102.999999,45,1706.129406
101.399998,35,1706.739094
100.799998,11,1706.982584
100.299998,15,1707.272959
104.999999,59,1708.363804
99.499998,10,1708.573684
102.999999,33,1709.216357
102.999999,66,1710.359481
101.399998,32,1710.938621
103.099999,31,1711.489098
101.499998,36,1712.168197
103.999999,58,1713.203069
101.199998,33,1713.796426
103.899999,60,1714.843481
103.399999,58,1715.823532
103.299999,57,1716.806251
-95.600001,59,1717.864481
103.399999,46,1718.687608
100.099998,13,1718.948599
104.299999,49,1719.818058
102.599999,38,1720.526433
104.299999,67,1721.685676
-99.900002,19,1722.037252
104.799999,48,1722.859929
100.899998,39,1723.551504
99.499998,19,1723.907119
-98.600002,41,1724.621828
-97.100001,35,1725.254002
103.399999,52,1726.141321
103.999999,61,1727.20093
103.499999,35,1727.847337
105.799999,76,1729.219917
106.499999,89,1730.7634
101.799998,39,1731.472754
101.599998,40,1732.181091
104.799999,60,1733.239037
105.599999,68,1734.44682
103.299999,75,1735.734513
105.699999,78,1737.051996
101.299998,34,1737.680947
101.099998,35,1738.357214
101.199998,33,1738.969687
99.699998,18,1739.309489
104.999999,53,1740.211953
-95.900001,74,1741.486754
101.099998,11,1741.749106
101.199998,33,1742.381187
100.599998,6,1742.529447
100.199998,20,1742.950702
103.199999,50,1743.820406
-99.300002,34,1744.499394
102.599999,38,1745.191689
105.099999,84,1746.59396
101.099998,32,1747.180314
100.599998,21,1747.566249
102.199999,25,1748.047883
99.899998,8,1748.225437
101.499998,21,1748.659644
103.999999,40,1749.352418
105.499999,73,1750.591118
100.299998,21,1751.009753
104.699999,62,1752.093106
101.799998,30,1752.624816
104.499999,63,1753.687756
102.499999,43,1754.427651
105.199999,76,1755.760593
-99.800002,14,1756.034385
98.699998,14,1756.341331
103.299999,33,1756.921965
106.099999,82,1758.35662
105.299999,71,1759.581033
104.599999,70,1760.820634
-94.300001,84,1762.270406
100.099998,7,1762.432305
102.099999,42,1763.156447
100.199998,8,1763.335683
104.699999,53,1764.254463
104.099999,62,1765.348562
103.799999,62,1766.426484
100.499998,5,1766.558172
100.999998,34,1767.221487
102.099999,42,1767.981256
104.399999,71,1769.234999
101.999999,20,1769.606382
104.499999,57,1770.592628
101.999999,38,1771.285774
99.899998,11,1771.512373
103.199999,50,1772.364216
101.899999,34,1772.957452
100.899998,33,1773.55821
-100.500002,19,1773.946932
-100.800002,13,1774.255289
102.599999,50,1775.140982
99.599998,14,1775.450541
102.899999,38,1776.144744
104.299999,58,1777.202283
99.899998,8,1777.396025
100.399998,16,1777.73698
102.499999,46,1778.606637
102.199999,40,1779.328689
105.699999,57,1780.392685
104.499999,63,1781.567604
101.599998,19,1781.922631
-100.200002,19,1782.312397
101.899999,28,1782.820004
104.099999,71,1784.108336
-101.000002,17,1784.430195
103.099999,31,1784.975884
105.599999,77,1786.33903
103.799999,53,1787.270504
103.600003,78,1788.639844
101.199998,18,1788.993444
104.399999,59,1790.036201
104.199999,57,1791.033568
105.299999,68,1792.210864
103.199999,53,1793.15875
102.699999,48,1793.978578
105.899999,80,1795.357645
102.299999,47,1796.166134
101.599998,16,1796.473691
103.899999,66,1797.69322
105.199999,73,1798.950373
104.699999,65,1800.136946
100.499998,23,1800.61996
103.299999,42,1801.375426
103.099999,55,1802.37358
104.699999,77,1803.659598
102.799999,37,1804.318684
102.299999,35,1804.929722
102.899999,32,1805.541043
106.599999,87,1807.071591
101.599998,37,1807.731174
102.799999,28,1808.24638
-96.600001,58,1809.293862
103.499999,59,1810.290288
103.999999,58,1811.303537
105.699999,72,1812.590347
102.299999,44,1813.362806
102.099999,27,1813.893275
101.699998,32,1814.455441
103.399999,49,1815.292799
-98.700002,16,1815.635164
-100.600002,21,1816.042985
101.399998,38,1816.770303
105.499999,79,1818.107152
105.999999,78,1819.438941
101.199998,24,1819.8945
102.699999,30,1820.445692
101.699998,41,1821.171813
103.699999,49,1822.106736
103.499999,56,1823.055829
102.599999,38,1823.763803
103.899999,57,1824.762929
103.299999,60,1825.84308
102.199999,43,1826.583814
101.599998,40,1827.295669
103.199999,53,1828.214183
105.299999,68,1829.38924
101.999999,38,1830.0703
102.499999,25,1830.522628
106.799999,80,1831.88789
106.999999,91,1833.450615
102.599999,56,1834.464363
-94.500001,64,1835.578974
103.999999,43,1836.387424
105.899999,77,1837.676892
100.799998,26,1838.174299
99.999998,24,1838.609603
105.699999,75,1839.878678
102.599999,41,1840.702724
99.699998,18,1841.074717
102.299999,23,1841.507673
103.199999,53,1842.443065
102.799999,34,1843.149826
105.699999,78,1844.484314
101.899999,34,1845.111605
102.699999,39,1845.838511
104.999999,89,1847.366937
104.999999,65,1848.539127
101.699998,47,1849.462832
104.100003,44,1850.314
100.499998,26,1850.78252
102.399999,24,1851.218381
105.399999,63,1852.326468
103.599999,60,1853.36836
102.799999,40,1854.111828
102.399999,24,1854.546795
103.199999,44,1855.300032
105.199999,67,1856.49103
104.199999,48,1857.361537
102.899999,44,1858.168093
103.299999,33,1858.752782
105.699999,66,1859.947598
103.899999,51,1860.833076
101.399998,41,1861.543327
101.199998,12,1861.787948
105.899999,74,1863.095938
103.399999,55,1864.101453
102.799999,49,1864.960181
101.399998,38,1865.618378
102.799999,31,1866.184455
100.099998,25,1866.651909
103.699999,52,1867.621252
103.699999,61,1868.692581
100.699998,22,1869.107369
100.399998,25,1869.558703
101.299998,37,1870.20362
103.899999,51,1871.074671
103.899999,42,1871.815367
102.299999,29,1872.414948
103.499999,44,1873.201516
101.899999,37,1873.92529
102.699999,36,1874.551576
102.699999,60,1875.595397
101.299998,34,1876.22204
100.499998,29,1876.735958
101.699998,35,1877.345857
102.699999,39,1878.040173
103.799999,44,1878.830933
105.999999,75,1880.093606
-99.200002,17,1880.476972
101.699998,50,1881.363971
-97.100001,53,1882.267815
102.199999,34,1882.926885
101.299998,34,1883.524122
103.399999,34,1884.121931
104.199999,57,1885.089433
-100.000002,15,1885.379673
-97.600001,27,1885.884477
103.599999,45,1886.741367
99.899998,20,1887.139414
106.199999,65,1888.270043
105.299999,68,1889.443825
105.999999,81,1890.826708
104.699999,68,1892.051771
99.799998,10,1892.265422
106.199999,77,1893.56872
103.899999,57,1894.534518
101.599998,16,1894.842963
104.799999,57,1895.808445
99.899998,26,1896.327484
105.999999,60,1897.339463
102.999999,48,1898.222641
102.299999,29,1898.772297
103.399999,49,1899.625234
104.299999,61,1900.766223
103.099999,55,1901.780375
101.800003,36,1902.420552
105.999999,69,1903.631182
102.199999,43,1904.407024
103.899999,54,1905.35747
